_ts|player_id|place|move
1|69600|mf|pass
1|55634|mf|rec
2|55634|mf|pass
2|44989|mf|rec
3|44989|mf|pass
3|15207|mf|cond
4|15207|mf|pass
4|38392|di|rec
5|38392|di|pass
6|44989|mf|rec
7|44989|mf|pass
10|38392|di|rec
11|38392|di|pass
12|17127|di|rec
13|17127|di|pass
16|40691|di|bpas
18|49485|mf|brec
19|49485|mf|pass
20|20360|oi|bpas
21|40691|di|brec
22|40691|di|pass
27|20388|da|rec
28|20388|da|pass
31|38392|di|rec
32|38392|di|pass
34|17127|di|rec
35|17127|di|pass
37|15207|di|rec
38|15207|di|pass
39|44989|mf|cond
40|44989|mf|pass
43|69600|mf|rec
44|69600|mf|pass
46|44989|mf|rec
47|44989|mf|pass
50|17127|di|cond
51|17127|mf|pass
52|38392|di|rec
53|38392|di|pass
54|44989|mf|cond
55|44989|mf|pass
56|69600|mf|rec
57|69600|mf|pass
59|44989|mf|rec
60|44989|mf|pass
64|17127|mf|rec
65|17127|mf|pass
66|38392|di|rec
67|38392|di|pass
69|44989|mf|rec
70|44989|mf|pass
73|41316|oi|bpas
76|41316|oa|bout
96|49478|da|pass
101|68791|di|rec
102|68791|di|pass
105|66905|di|cond
106|66905|di|pass
108|49485|mf|rec
109|49485|mf|pass
111|66905|di|bpas
113|37605|mf|brec
114|37605|mf|bout
118|49485|mf|pass
121|77831|mf|rec
122|77831|mf|pass
128|49478|da|bpas
132|41316|mf|int
133|69600|mf|brec
134|69600|mf|pass
136|15207|mf|bpas
138|14791|mf|fsuf
138|39816|mf|foul
165|14791|mf|bpas
170|20360|oi|foul
170|41316|di|fsuf
178|38392|di|pass
179|17127|di|cond
180|17127|di|pass
184|15207|di|rec
185|15207|mf|pass
187|17127|di|cond
188|17127|di|pass
191|15207|mf|cond
192|15207|mf|pass
195|38392|mf|cond
196|38392|mf|pass
197|44989|mf|cond
198|44989|mf|pass
198|15207|mf|rec
199|15207|mf|pass
202|38392|mf|cond
203|38392|mf|pass
205|17127|mf|rec
206|17127|mf|pass
208|40691|mf|cond
209|40691|mf|pass
209|17127|di|rec
210|17127|di|pass
213|20388|da|rec
214|20388|da|pass
215|15207|di|rec
216|15207|di|pass
217|20388|da|rec
218|20388|da|pass
221|44989|di|rec
222|44989|di|pass
222|69600|mf|rec
223|69600|mf|pass
224|37605|mf|rec
225|37605|mf|pass
227|41316|mf|lbal
228|66905|di|clea
231|66905|da|bout
238|41316|oa|pass
240|44989|oi|rec
241|44989|oi|pass
244|14791|di|brec
244|15207|oi|lbal
245|14791|di|pass
245|45124|di|rec
246|45124|di|pass
249|49485|di|drib
249|37605|oi|dled
250|49485|di|pass
253|49483|mf|cond
254|49483|mf|pass
256|77831|mf|cond
257|77831|mf|pass
259|49483|mf|bpas
261|38392|di|pass
263|15207|mf|brec
264|41316|di|rec
265|41316|di|pass
272|69600|mf|rec
273|69600|mf|pass
278|55634|mf|rec
279|55634|mf|pass
280|38392|mf|cond
281|38392|mf|pass
282|39816|mf|rec
283|39816|mf|pass
286|17127|mf|rec
287|17127|mf|pass
288|38392|mf|cond
289|38392|mf|pass
291|15207|mf|rec
292|15207|mf|pass
294|44989|mf|cond
295|44989|mf|pass
297|40691|oi|cond
298|40691|oi|pass
299|39816|mf|rec
300|39816|mf|pass
302|40691|mf|bpas
303|66905|di|clea
304|33223|mf|lbal
304|44989|mf|brec
308|38392|di|pass
309|17127|di|cond
310|17127|di|pass
312|44989|mf|rec
313|44989|di|pass
316|15207|mf|cond
317|15207|mf|pass
319|39816|mf|rec
320|39816|mf|pass
321|55634|mf|rec
322|55634|mf|pass
323|69600|oi|bpas
324|49485|di|brec
325|49485|di|pass
325|66905|di|rec
326|66905|di|pass
328|49485|da|cond
329|49485|da|pass
330|66905|da|cond
331|66905|da|pass
334|68791|di|rec
335|68791|di|pass
336|49483|di|rec
337|49483|di|pass
338|104953|mf|lbal
340|44989|oi|bpas
341|104953|mf|int
342|104953|di|pass
346|68791|da|bpas
348|38392|mf|pass
350|40691|mf|brec
354|15207|mf|rec
355|15207|mf|pass
355|69600|oi|rec
356|69600|oi|pass
357|37605|oi|cond
358|37605|oi|pass
361|68791|di|int
361|44989|oi|bpas
362|14791|di|brec
363|14791|di|pass
367|49485|di|cond
368|49485|mf|pass
369|33223|mf|cond
370|33223|mf|pass
370|49485|mf|cond
371|49485|mf|pass
371|14791|mf|rec
372|14791|mf|pass
373|49485|mf|rec
374|49485|mf|pass
376|14791|mf|rec
377|14791|mf|pass
383|104953|oa|rec
384|104953|oa|pass
385|33223|oa|rec
386|33223|oa|wsho
387|33223|oa|bout
407|20388|da|pass
407|15207|di|rec
408|15207|di|pass
408|38392|di|rec
409|38392|di|pass
411|20388|da|rec
412|20388|da|pass
416|38392|mf|bpas
418|38392|oi|bout
426|49483|mf|pass
433|68791|di|bpas
437|68791|oi|bout
455|41316|di|bpas
456|49483|mf|brec
456|55634|mf|lbal
457|49483|mf|bpas
458|20360|oi|lbal
458|17127|di|brec
459|17127|di|clea
460|17127|mf|bout
465|49483|mf|pass
465|14791|mf|rec
466|14791|mf|pass
467|49483|mf|rec
468|49483|mf|pass
468|66905|mf|rec
469|66905|mf|pass
475|49485|mf|cond
476|49485|mf|pass
477|45124|mf|rec
478|45124|mf|pass
479|49485|mf|bpas
483|38392|di|pass
486|20388|da|gsav
489|20388|da|pass
492|15207|di|cond
493|15207|di|pass
495|39816|di|cond
496|39816|mf|pass
502|69600|mf|rec
503|69600|oi|pass
505|55634|oa|bpas
506|77831|da|pass
507|49478|da|gsav
510|49478|da|pass
511|49483|di|cond
512|49483|di|pass
514|104953|mf|lbal
514|41316|mf|brec
517|55634|oi|pass
518|41316|mf|brec
518|44989|mf|rec
519|44989|mf|pass
519|39816|mf|cond
520|39816|mf|pass
520|37605|oi|rec
521|37605|oi|pass
522|39816|oi|bpas
523|49485|di|brec
524|49485|di|pass
524|66905|di|rec
525|66905|di|pass
527|14791|mf|bpas
530|20360|mf|foul
530|15207|mf|fsuf
535|15207|mf|pass
535|44989|mf|rec
536|44989|mf|pass
540|49485|di|brec
540|39816|oi|lbal
541|49485|di|brec
543|49485|di|fsuf
543|39816|oi|foul
558|49485|di|pass
558|66905|di|rec
559|66905|di|pass
559|20360|mf|rec
560|20360|mf|pass
562|66905|di|rec
563|66905|di|pass
566|49478|da|cond
567|49478|da|pass
572|68791|di|cond
573|68791|di|pass
574|49483|mf|lbal
575|49483|mf|bout
578|55634|mf|pass
578|44989|mf|rec
579|44989|oi|pass
580|55634|oi|rec
581|55634|oi|pass
584|15207|oi|bpas
585|49478|da|pass
586|49478|da|gsav
587|49478|da|gsav
596|49478|da|pass
599|66905|di|rec
600|66905|di|pass
601|14791|di|cond
602|14791|di|pass
603|66905|di|bpas
606|39816|mf|int
607|40691|mf|brec
608|40691|mf|pass
610|17127|mf|cond
611|17127|mf|pass
611|44989|mf|rec
612|44989|mf|pass
613|39816|mf|cond
614|39816|mf|pass
614|40691|mf|rec
615|40691|mf|pass
619|17127|di|rec
620|17127|di|pass
621|38392|di|rec
622|38392|di|pass
624|17127|di|rec
625|17127|di|pass
628|40691|di|bpas
629|49485|mf|brec
630|49485|mf|pass
630|66905|mf|rec
631|66905|mf|pass
632|77831|mf|bpas
635|15207|mf|brec
636|15207|mf|pass
639|69600|oi|cond
640|69600|oi|pass
643|37605|oa|rec
644|37605|oa|pass
646|39816|oi|rec
647|39816|oi|pass
648|37605|oi|cond
649|37605|oa|pass
651|69600|oa|cond
652|69600|oa|pass
655|55634|oa|pass
655|44989|oa|rec
656|44989|oa|wsho
656|66905|da|gsav
662|41316|oa|pass
663|14791|da|brec
663|69600|oa|bpas
665|14791|di|pass
669|33223|mf|bpas
671|17127|mf|int
673|39816|mf|bpas
674|45124|mf|int
676|20388|da|gsav
679|20388|da|pass
679|15207|di|cond
680|15207|di|pass
683|44989|di|rec
684|44989|mf|pass
687|77831|mf|foul
687|37605|mf|fsuf
706|39816|mf|pass
708|55634|oi|rec
709|55634|oi|pass
712|39816|mf|rec
713|39816|mf|pass
715|69600|oi|rec
716|69600|oi|pass
718|40691|oi|rec
719|40691|oi|pass
720|39816|oi|bpas
721|45124|di|brec
722|45124|di|pass
723|14791|di|fsuf
723|69600|oi|foul
732|49485|di|pass
737|49483|mf|rec
738|49483|mf|pass
739|104953|mf|rec
740|104953|mf|pass
740|49483|mf|rec
741|49483|oi|pass
742|20360|oi|rec
743|20360|oi|pass
744|104953|oi|drib
744|39816|di|dled
745|104953|oi|wsho
745|20388|da|gsav
751|20388|da|bout
769|49485|oa|pass
771|33223|oa|lbal
773|17127|da|clea
774|17127|di|bout
781|49485|oi|pass
784|66905|mf|rec
785|66905|mf|pass
786|49483|mf|rec
787|49483|mf|pass
788|20360|oi|rec
789|20360|oi|pass
791|104953|oi|cond
792|104953|mf|pass
793|49483|oi|rec
794|49483|oi|pass
795|20360|oi|bpas
797|41316|di|int
799|41316|di|bout
802|20360|oi|pass
804|14791|oi|rec
805|14791|mf|pass
808|77831|mf|rec
809|77831|mf|pass
810|68791|mf|rec
811|68791|mf|pass
812|66905|mf|cond
813|66905|mf|pass
814|49485|mf|rec
815|49485|mf|pass
817|33223|oi|rec
818|33223|oi|pass
819|45124|oa|bpas
821|17127|da|clea
823|17127|da|bout
826|49485|oa|pass
828|14791|oi|rec
829|14791|oi|pass
832|49485|oa|bpas
835|49485|oa|bout
861|41316|da|bpas
864|77831|oi|bpas
867|37605|mf|pass
871|40691|di|rec
872|40691|di|pass
873|15207|mf|rec
874|15207|mf|pass
875|17127|di|cond
876|17127|di|pass
878|38392|di|rec
879|38392|di|pass
882|17127|di|cond
883|17127|di|pass
883|39816|mf|cond
884|39816|mf|pass
889|17127|di|cond
890|17127|di|pass
892|39816|mf|rec
893|39816|mf|pass
894|17127|di|rec
895|17127|di|pass
896|38392|di|cond
897|38392|mf|pass
903|44989|mf|bpas
906|44989|oa|bout
916|49485|da|pass
917|14791|di|rec
918|14791|di|pass
919|49485|da|bpas
923|49485|mf|bout
932|40691|mf|bpas
933|66905|da|pass
934|49485|di|bpas
937|15207|mf|pass
941|69600|oi|bpas
942|66905|di|int
943|14791|di|brec
944|14791|di|lbal
944|69600|oi|brec
945|69600|oi|bout
960|49485|di|pass
961|20360|mf|brec
961|17127|mf|lbal
962|20360|mf|bpas
963|77831|mf|brec
963|44989|mf|lbal
965|38392|di|bpas
966|77831|mf|bpas
968|39816|mf|pass
970|44989|mf|rec
971|44989|mf|pass
976|41316|mf|cond
977|41316|mf|pass
977|55634|mf|cond
978|55634|mf|pass
979|44989|mf|cond
980|44989|mf|pass
982|38392|mf|cond
983|38392|mf|pass
985|44989|mf|cond
986|44989|mf|pass
988|15207|oi|rec
989|15207|oi|pass
990|38392|mf|cond
991|38392|mf|pass
994|44989|mf|rec
995|44989|mf|pass
995|69600|oi|rec
996|69600|oi|pass
997|44989|mf|cond
998|44989|mf|pass
998|17127|mf|rec
999|17127|mf|pass
1001|39816|mf|cond
1002|39816|mf|pass
1003|40691|mf|rec
1004|40691|mf|pass
1006|17127|di|rec
1007|17127|di|pass
1009|38392|mf|rec
1010|38392|mf|pass
1015|44989|mf|cond
1016|44989|mf|pass
1020|38392|mf|bpas
1021|49483|di|int
1022|49483|di|brec
1024|49483|di|bpas
1027|17127|mf|bpas
1028|17127|mf|bout
1042|49483|mf|bpas
1044|38392|di|pass
1046|44989|mf|brec
1048|49483|mf|brec
1048|69600|mf|lbal
1049|49483|mf|brec
1050|14791|mf|rec
1051|14791|mf|pass
1055|49485|mf|rec
1056|49485|mf|pass
1059|14791|mf|lbal
1059|44989|mf|brec
1061|55634|di|brec
1061|39816|mf|rec
1062|39816|mf|pass
1062|55634|di|rec
1063|55634|di|pass
1064|37605|mf|bpas
1065|49485|mf|int
1067|49485|mf|lbal
1067|44989|mf|brec
1068|44989|mf|pass
1071|37605|oi|cond
1072|37605|oa|pass
1073|39816|oi|rec
1074|39816|oi|wsho
1074|49478|da|gsav
1077|49478|da|gsav
1084|49478|da|pass
1088|68791|di|bpas
1092|44989|mf|brec
1093|44989|mf|pass
1094|39816|mf|cond
1095|39816|mf|pass
1095|40691|mf|rec
1096|40691|mf|pass
1100|17127|di|rec
1101|17127|di|pass
1106|37605|mf|rec
1107|37605|oi|pass
1109|55634|oi|bpas
1110|49485|da|int
1111|49485|da|brec
1116|49485|da|pass
1117|33223|mf|rec
1118|33223|mf|pass
1120|104953|mf|rec
1121|104953|mf|pass
1125|49483|mf|cond
1126|49483|oi|pass
1130|33223|oa|lbal
1130|38392|da|lbal
1133|49483|oi|pass
1133|104953|oi|rec
1134|104953|oi|pass
1135|14791|oi|cond
1136|14791|oi|pass
1137|66905|mf|rec
1138|66905|mf|pass
1141|49483|oi|cond
1142|49483|oi|pass
1143|104953|oi|rec
1144|104953|oi|pass
1146|33223|oi|cond
1147|33223|oi|pass
1152|20360|oa|cond
1153|20360|oi|wsho
1155|20360|oa|bout
1165|20388|da|pass
1170|38392|da|rec
1171|38392|di|pass
1175|15207|di|rec
1176|15207|di|pass
1180|44989|mf|rec
1181|44989|mf|pass
1182|17127|di|rec
1183|17127|di|pass
1186|66905|mf|fsuf
1186|37605|mf|bpas
1208|66905|di|pass
1210|77831|mf|lbal
1210|55634|mf|brec
1213|39816|mf|brec
1214|39816|mf|pass
1214|55634|mf|cond
1215|55634|mf|pass
1215|69600|mf|rec
1216|69600|mf|pass
1218|66905|di|brec
1218|44989|oi|lbal
1219|49483|di|brec
1220|49483|di|pass
1221|14791|di|rec
1222|14791|di|pass
1223|45124|mf|bpas
1226|17127|mf|int
1227|17127|mf|pass
1233|37605|oa|bpas
1234|68791|da|int
1235|55634|oa|brec
1236|55634|oa|bout
1261|49478|da|bpas
1264|20360|mf|lbal
1264|40691|mf|brec
1265|40691|di|pass
1266|44989|mf|brec
1266|39816|mf|rec
1267|39816|mf|pass
1267|15207|mf|rec
1268|15207|mf|pass
1271|41316|mf|cond
1272|41316|mf|pass
1272|69600|mf|rec
1273|69600|mf|pass
1274|41316|mf|cond
1275|41316|mf|pass
1278|15207|mf|rec
1279|15207|mf|pass
1282|69600|oi|rec
1283|69600|oi|pass
1286|15207|mf|rec
1287|15207|mf|pass
1289|40691|oi|rec
1290|40691|oi|pass
1292|37605|oi|rec
1293|37605|oi|pass
1294|44989|mf|rec
1295|44989|mf|pass
1295|15207|mf|rec
1296|15207|mf|pass
1299|38392|mf|cond
1300|38392|mf|pass
1303|37605|mf|rec
1304|37605|mf|pass
1311|17127|mf|rec
1312|17127|mf|pass
1317|38392|mf|rec
1318|38392|mf|pass
1318|39816|mf|rec
1319|39816|mf|pass
1326|40691|mf|cond
1327|40691|mf|pass
1329|17127|mf|rec
1330|17127|di|pass
1330|20388|da|rec
1331|20388|da|pass
1336|38392|di|rec
1337|38392|di|pass
1343|44989|mf|cond
1344|44989|mf|pass
1346|17127|di|rec
1347|17127|di|pass
1348|39816|mf|cond
1349|39816|mf|pass
1352|55634|oi|bpas
1354|66905|da|clea
1356|77831|di|clea
1357|104953|di|lbal
1357|41316|oi|brec
1358|41316|oi|pass
1361|49483|di|brec
1361|69600|oi|lbal
1363|77831|di|brec
1364|77831|di|bpas
1365|38392|mf|pass
1366|39816|mf|bpas
1367|33223|mf|foul
1387|44989|mf|pass
1388|17127|mf|rec
1389|17127|mf|pass
1392|15207|mf|rec
1393|15207|mf|pass
1394|38392|mf|rec
1395|38392|mf|pass
1396|44989|mf|cond
1397|44989|mf|pass
1401|41316|mf|rec
1402|41316|mf|pass
1402|39816|mf|rec
1403|39816|mf|pass
1409|17127|mf|cond
1410|17127|mf|pass
1412|38392|mf|rec
1413|38392|mf|pass
1414|41316|mf|rec
1415|41316|mf|pass
1417|37605|oi|rec
1418|37605|oi|pass
1418|41316|mf|rec
1419|41316|mf|pass
1424|44989|mf|cond
1425|44989|mf|pass
1427|39816|oi|rec
1428|39816|oi|pass
1430|40691|oi|cond
1431|40691|oi|pass
1433|17127|mf|rec
1434|17127|mf|pass
1435|44989|mf|cond
1436|44989|mf|pass
1440|39816|mf|bpas
1441|66905|di|int
1442|77831|di|brec
1444|77831|mf|pass
1444|14791|mf|rec
1445|14791|mf|pass
1448|49485|di|rec
1449|49485|di|pass
1451|66905|di|cond
1452|66905|di|pass
1458|49485|di|lbal
1458|69600|oi|lbal
1459|66905|di|int
1461|66905|di|bpas
1464|69600|oi|brec
1467|69600|oi|pass
1467|39816|oi|rec
1468|39816|oi|pass
1472|44989|oi|bpas
1473|49483|da|clea
1475|14791|di|brec
1476|14791|di|bpas
1479|41316|mf|brec
1480|41316|mf|pass
1481|37605|oi|rec
1482|37605|oi|pass
1485|104953|da|brec
1485|41316|oa|lbal
1486|104953|da|bout
1491|41316|oa|pass
1495|37605|oi|cond
1496|37605|oi|pass
1500|44989|oi|cond
1501|44989|oi|wsho
1503|44989|oa|bout
1523|49478|da|bpas
1526|44989|di|pass
1528|15207|mf|bpas
1529|14791|mf|int
1530|14791|mf|pass
1531|68791|mf|cond
1532|68791|mf|pass
1533|49483|mf|cond
1534|49483|mf|pass
1540|49478|da|bpas
1545|33223|mf|lbal
1545|17127|mf|brec
1546|104953|mf|pass
1546|20360|mf|rec
1547|20360|mf|pass
1548|77831|mf|rec
1549|77831|mf|pass
1551|45124|mf|rec
1552|45124|mf|pass
1556|49485|oi|rec
1557|49485|oi|pass
1559|45124|oi|cond
1560|45124|oi|pass
1562|49485|oi|bpas
1565|37605|di|brec
1567|41316|da|bpas
1571|49483|mf|pass
1572|77831|mf|brec
1573|77831|mf|pass
1574|68791|mf|cond
1575|68791|mf|pass
1577|14791|mf|rec
1578|14791|mf|pass
1579|49485|mf|rec
1580|49485|mf|pass
1583|66905|mf|rec
1584|66905|mf|pass
1585|49485|mf|rec
1586|49485|mf|pass
1588|14791|mf|cond
1589|14791|mf|pass
1591|49485|mf|bpas
1591|17127|di|fsuf
1615|17127|di|pass
1616|44989|di|rec
1617|44989|di|pass
1618|40691|mf|rec
1619|40691|mf|pass
1624|55634|oa|bpas
1626|49485|da|clea
1627|104953|mf|pass
1628|20360|mf|brec
1630|20360|mf|bpas
1632|38392|mf|int
1636|38392|oa|bout
1649|49483|di|pass
1650|20360|mf|rec
1651|20360|mf|pass
1652|49483|di|bpas
1656|38392|mf|bpas
1657|49483|mf|int
1658|20360|mf|pass
1660|77831|mf|drib
1660|69600|mf|dled
1661|77831|mf|pass
1662|68791|di|rec
1663|68791|di|pass
1664|49485|mf|rec
1665|49485|mf|pass
1670|45124|mf|bpas
1673|41316|di|brec
1675|69600|mf|bpas
1676|77831|mf|int
1677|14791|mf|brec
1678|14791|mf|pass
1678|33223|oi|rec
1679|33223|oi|pass
1680|45124|oi|rec
1681|45124|oi|pass
1682|20360|oi|bpas
1685|20360|oa|bout
1700|40691|da|pass
1702|77831|mf|lbal
1702|39816|mf|brec
1703|39816|di|bpas
1704|66905|mf|bpas
1710|20388|da|gsav
1720|20388|da|pass
1721|17127|di|rec
1722|17127|di|pass
1722|44989|di|rec
1723|44989|mf|pass
1724|17127|di|rec
1725|17127|di|pass
1728|40691|mf|rec
1729|40691|mf|pass
1733|69600|oa|bpas
1734|68791|da|int
1735|49485|da|brec
1736|49485|da|bout
1767|44989|oa|bpas
1770|49478|da|gsav
1777|49478|da|pass
1778|20360|da|cond
1779|20360|di|pass
1780|49485|di|rec
1781|49485|di|pass
1782|68791|di|rec
1783|68791|mf|pass
1785|49483|mf|cond
1786|49483|mf|pass
1793|104953|oa|lbal
1793|15207|da|lbal
1794|104953|oa|brec
1795|41316|da|brec
1796|39816|da|bpas
1797|68791|mf|pass
1799|77831|mf|brec
1800|77831|mf|pass
1800|14791|mf|rec
1801|14791|mf|pass
1806|20360|oa|bpas
1807|40691|da|clea
1810|40691|da|clea
1812|15207|da|clea
1814|37605|di|lbal
1818|49485|mf|pass
1821|68791|mf|cond
1822|68791|mf|pass
1827|49483|mf|rec
1828|49483|mf|pass
1829|45124|mf|cond
1830|45124|mf|pass
1831|77831|mf|cond
1832|77831|mf|pass
1834|49485|mf|rec
1835|49485|mf|pass
1838|66905|mf|rec
1839|66905|mf|pass
1839|14791|mf|rec
1840|14791|mf|pass
1841|77831|mf|rec
1842|77831|mf|pass
1842|66905|mf|rec
1843|66905|mf|pass
1851|68791|mf|rec
1852|68791|mf|pass
1856|33223|oa|rec
1857|33223|oa|pass
1862|49483|oa|cond
1863|49483|oa|pass
1864|104953|oi|rec
1865|104953|oi|pass
1866|14791|oi|bpas
1869|39816|di|int
1870|104953|oa|lbal
1870|38392|da|brec
1871|38392|da|clea
1872|45124|oi|int
1873|45124|oa|pass
1875|33223|oa|bpas
1877|33223|oa|bout
1886|20388|da|bpas
1890|68791|di|pass
1891|49478|da|gsav
1893|49478|da|pass
1895|66905|di|cond
1896|66905|di|pass
1897|49485|mf|rec
1898|49485|mf|pass
1899|66905|mf|rec
1900|66905|mf|pass
1901|20360|mf|rec
1902|20360|mf|pass
1904|77831|mf|cond
1905|77831|mf|pass
1905|33223|mf|rec
1906|33223|mf|pass
1906|49483|mf|cond
1907|49483|mf|pass
1909|104953|oi|cond
1910|104953|oi|pass
1913|33223|oa|bpas
1915|38392|da|clea
1916|104953|oa|brec
1916|44989|da|lbal
1917|104953|oa|pass
1918|33223|oa|lbal
1920|15207|da|clea
1921|14791|oi|wsho
1921|20388|da|gsav
1923|20388|da|bout
1931|49485|oi|pass
1932|66905|mf|rec
1933|66905|mf|pass
1934|49485|oi|rec
1935|49485|oi|pass
1937|66905|mf|drib
1937|55634|mf|dled
1938|66905|mf|pass
1941|20360|oi|cond
1942|20360|mf|pass
1945|49483|oi|bpas
1947|15207|di|int
1952|104953|oa|pass
1954|49483|oi|bpas
1956|20388|da|gsav
1981|20388|da|pass
1982|38392|di|rec
1983|38392|di|pass
1987|44989|mf|bpas
1991|49478|da|brec
1992|49478|da|pass
1993|66905|di|rec
1994|66905|di|pass
1994|68791|di|cond
1995|68791|di|pass
2003|49478|da|rec
2004|49478|da|pass
2008|33223|mf|brec
2008|17127|mf|lbal
2011|33223|oa|drib
2011|17127|da|dled
2013|33223|oa|lbal
2017|33223|oa|bout
2035|20388|da|pass
2037|17127|di|rec
2038|17127|di|pass
2040|55634|mf|rec
2041|55634|mf|pass
2043|39816|oi|bpas
2045|49483|da|pass
2048|49478|da|brec
2056|49478|da|gsav
2058|49478|da|pass
2066|49483|di|pass
2067|77831|mf|rec
2068|77831|mf|pass
2069|49483|di|bpas
2074|38392|di|brec
2078|15207|mf|rec
2079|15207|mf|pass
2080|41316|mf|rec
2081|41316|mf|pass
2081|38392|mf|rec
2082|38392|mf|pass
2084|39816|mf|rec
2085|39816|mf|pass
2086|38392|mf|rec
2087|38392|mf|pass
2090|44989|mf|rec
2091|44989|mf|pass
2091|39816|mf|rec
2092|39816|mf|pass
2094|44989|mf|rec
2095|44989|mf|pass
2100|37605|mf|rec
2101|37605|oi|pass
2104|15207|mf|rec
2105|15207|mf|pass
2105|44989|mf|rec
2106|44989|mf|pass
2106|37605|oi|rec
2107|37605|oi|pass
2108|15207|oi|cond
2109|15207|oi|pass
2111|41316|mf|rec
2112|41316|mf|pass
2114|44989|mf|cond
2115|44989|mf|pass
2115|15207|oi|rec
2116|15207|oi|pass
2118|37605|oa|bpas
2119|68791|da|clea
2120|68791|da|bout
2164|44989|oa|bpas
2166|66905|da|brec
2166|39816|oa|lbal
2167|66905|da|clea
2173|44989|oi|bpas
2174|66905|da|clea
2180|15207|mf|bpas
2182|49483|da|clea
2184|77831|da|clea
2187|14791|di|bpas
2191|38392|mf|pass
2192|40691|mf|rec
2193|40691|mf|pass
2199|38392|mf|cond
2200|38392|mf|pass
2201|44989|mf|cond
2202|44989|mf|pass
2207|37605|mf|cond
2208|37605|mf|pass
2212|44989|mf|rec
2213|44989|mf|pass
2213|39816|oi|cond
2214|39816|oi|pass
2214|37605|oi|cond
2215|37605|oi|pass
2217|69600|oa|rec
2218|69600|oa|wsho
2218|49478|da|gsav
2220|49478|da|gsav
2234|49478|da|bpas
2238|38392|di|pass
2240|44989|mf|brec
2242|37605|mf|bpas
2244|68791|mf|brec
2245|104953|mf|rec
2246|104953|mf|pass
2247|49483|mf|rec
2248|49483|mf|pass
2249|104953|mf|rec
2250|104953|mf|pass
2251|49483|mf|bpas
2255|38392|di|int
2257|104953|oa|bpas
2258|41316|da|clea
2260|15207|da|brec
2265|38392|di|bpas
2269|66905|mf|brec
2272|66905|mf|pass
2275|77831|mf|rec
2276|77831|mf|pass
2278|49483|oa|lbal
2280|49483|oa|bout
2287|41316|di|pass
2289|39816|mf|rec
2290|39816|mf|pass
2291|15207|mf|rec
2292|15207|mf|pass
2294|40691|mf|rec
2295|40691|mf|pass
2296|37605|mf|rec
2297|37605|mf|pass
2298|17127|di|rec
2299|17127|di|pass
2301|38392|di|rec
2302|38392|di|pass
2306|77831|mf|foul
2306|39816|mf|fsuf
2326|44989|mf|pass
2326|39816|mf|cond
2327|39816|mf|pass
2328|44989|mf|rec
2329|44989|mf|pass
2329|39816|mf|cond
2330|39816|mf|pass
2334|44989|mf|cond
2335|44989|mf|pass
2338|17127|mf|cond
2339|17127|mf|pass
2340|39816|mf|rec
2341|39816|mf|pass
2341|38392|mf|rec
2342|38392|mf|pass
2344|44989|mf|cond
2345|44989|mf|pass
2350|15207|oi|rec
2351|15207|mf|pass
2356|44989|mf|cond
2357|44989|mf|pass
2360|69600|oi|cond
2361|69600|oi|pass
2364|44989|mf|cond
2365|44989|mf|pass
2366|39816|oi|cond
2367|39816|oi|pass
2368|15207|mf|rec
2369|15207|mf|pass
2369|44989|mf|rec
2370|44989|mf|pass
2372|37605|oi|bpas
2373|49483|di|int
2378|104953|mf|foul
2378|44989|mf|fsuf
2383|41316|mf|pass
2386|37605|oi|cond
2387|37605|oi|pass
2389|55634|oa|cond
2390|55634|oa|pass
2393|15207|oi|rec
2394|15207|oa|pass
2398|49483|da|brec
2398|55634|oa|bpas
2400|45124|da|clea
2403|17127|mf|pass
2405|40691|oi|cond
2406|40691|oi|pass
2408|49485|di|int
2409|45124|di|brec
2409|39816|oi|lbal
2411|45124|di|brec
2415|14791|di|bpas
2417|39816|oi|int
2418|49485|da|pass
2419|20360|mf|rec
2420|20360|mf|pass
2421|45124|mf|bpas
2421|38392|di|fsuf
2432|38392|di|pass
2436|15207|oi|rec
2437|15207|mf|pass
2437|37605|oi|cond
2438|37605|oi|pass
2438|15207|oi|rec
2439|15207|oi|pass
2445|55634|oi|rec
2446|55634|oa|pass
2450|40691|oa|bpas
2451|66905|da|clea
2452|104953|da|brec
2455|38392|oi|int
2457|33223|mf|fsuf
2457|38392|oi|foul
2488|68791|mf|bpas
2492|20360|oi|lbal
2492|17127|di|brec
2493|33223|oi|bpas
2494|38392|di|int
2496|33223|oi|pass
2499|49483|oa|bpas
2502|20388|da|gsav
2511|20388|da|pass
2513|38392|di|cond
2514|38392|di|pass
2515|20388|da|rec
2516|20388|da|pass
2522|17127|di|cond
2523|17127|di|pass
2525|44989|mf|cond
2526|44989|mf|pass
2526|15207|di|rec
2527|15207|di|pass
2529|17127|di|cond
2530|17127|di|pass
2534|44989|mf|cond
2535|44989|mf|pass
2537|37605|mf|bpas
2540|68791|di|brec
2540|55634|oi|lbal
2541|14791|mf|bpas
2542|40691|mf|bpas
2546|49478|da|gsav
2552|49478|da|pass
2555|49483|di|cond
2556|49483|mf|pass
2559|14791|mf|bpas
2559|41316|di|fsuf
2579|38392|mf|pass
2581|15207|di|cond
2582|15207|di|pass
2587|38392|mf|bpas
2591|49478|da|gsav
2593|49478|da|pass
2601|49485|di|bpas
2603|38392|di|pass
2607|14791|mf|lbal
2607|44989|mf|lbal
2610|41316|mf|clea
2613|49483|mf|lbal
2613|41316|mf|brec
2615|41316|mf|bout
2617|49483|mf|pass
2619|77831|mf|cond
2620|77831|mf|pass
2621|49483|mf|rec
2622|49483|mf|pass
2624|66905|mf|rec
2625|66905|mf|pass
2625|14791|mf|rec
2626|14791|mf|pass
2628|49485|mf|rec
2629|49485|mf|pass
2629|45124|mf|rec
2630|45124|mf|pass
2630|49485|mf|rec
2631|49485|mf|pass
2634|66905|mf|cond
2635|66905|mf|pass
2636|104953|oi|rec
2637|104953|mf|pass
2639|77831|mf|rec
2640|77831|mf|pass
2642|104953|mf|cond
2643|104953|mf|pass
2644|49483|mf|cond
2645|49483|mf|pass
2650|104953|oa|lbal
2650|69600|da|brec
2651|69600|da|bout
2654|104953|oi|pass
2656|49483|oi|rec
2657|49483|oi|pass
2659|45124|oa|brec
2659|40691|da|lbal
2660|45124|oa|wsho
2660|40691|da|gsav
2666|40691|da|bout
2700|14791|oa|bpas
2701|20388|da|clea
2702|68791|oa|brec
2703|44989|da|clea
2704|104953|oi|wsho
2704|55634|di|gsav
2714|33223|oa|pass
2716|14791|oa|cond
2717|14791|oa|pass
2717|66905|oa|cond
2718|66905|oa|wsho
2719|66905|oa|bout
2748|20388|da|pass
2748|44989|di|rec
2749|44989|di|pass
2751|15207|di|cond
2752|15207|di|pass
2754|40691|mf|cond
2755|40691|mf|pass
2757|37605|mf|rec
2758|37605|mf|pass
2758|55634|oi|rec
2759|55634|oi|pass
2762|37605|oa|rec
2763|37605|oa|pass
2763|44989|oi|rec
2764|44989|oi|wsho
2765|44989|oa|bout
2821|20360|mf|pass
2821|33223|mf|rec
2822|33223|mf|pass
2824|14791|mf|bpas
2826|14791|oa|bout
2838|41316|da|bpas
2841|49483|mf|brec
2842|49483|mf|pass
2842|14791|mf|rec
2843|14791|mf|pass
2844|33223|oi|rec
2845|33223|oi|pass
2847|45124|oi|rec
2848|45124|oi|pass
2849|49485|mf|cond
2850|49485|mf|pass
2853|20360|oi|rec
2854|20360|oi|pass
2855|104953|oi|rec
2856|104953|oi|pass
2856|49483|oi|rec
2857|49483|oi|pass
2857|20360|oi|rec
2858|20360|oi|pass
2860|77831|mf|rec
2861|77831|mf|pass
2863|14791|mf|bpas
2866|69600|di|int
2867|20360|da|brec
2869|69600|di|bout
2872|20360|oi|bpas
2874|15207|di|brec
2875|15207|di|pass
2875|44989|mf|cond
2876|44989|di|pass
2877|15207|di|bpas
2879|15207|mf|bout
2884|49483|mf|pass
2885|104953|oi|rec
2886|104953|oi|pass
2889|49483|oi|lbal
2889|69600|di|brec
2893|69600|di|bout
2900|49483|oi|pass
2901|104953|oa|rec
2902|104953|oa|pass
2903|20360|oi|bpas
2905|17127|da|clea
2906|20360|oi|bpas
2908|15207|di|brec
2909|15207|da|pass
2910|20388|da|bpas
2913|14791|mf|bpas
2914|39816|mf|pass
2918|37605|mf|rec
2919|37605|mf|pass
2920|69140|oi|rec
2921|69140|oi|pass
2922|37605|mf|cond
2923|37605|mf|pass
2925|15207|oi|rec
2926|15207|mf|pass
2928|44989|mf|rec
2929|44989|mf|pass
2934|69600|oa|lbal
2935|49483|da|brec
2936|69600|oa|bout
2953|49478|da|pass
2956|104953|mf|cond
2957|104953|mf|pass
2962|49483|mf|bpas
2966|38392|di|pass
2969|15207|mf|brec
2969|41316|di|rec
2970|41316|di|pass
2972|55634|mf|bpas
2973|68791|mf|int
2974|68791|mf|pass
2975|104953|mf|lbal
2976|44989|mf|lbal
2977|14791|mf|clea
2978|104953|mf|bout
3004|41316|mf|pass
3004|44989|mf|cond
3005|44989|mf|pass
3006|41316|mf|bpas
3007|77831|mf|int
3008|77831|mf|bout
3020|41316|mf|pass
3024|69600|oi|brec
3026|68791|da|clea
3031|14791|di|clea
3034|17127|mf|pass
3034|15207|mf|rec
3035|15207|mf|pass
3037|38392|mf|brec
3041|38392|mf|pass
3043|20388|di|cond
3044|20388|di|pass
3047|69140|di|cond
3048|69140|di|pass
3049|39816|mf|cond
3050|39816|mf|pass
3051|69140|di|rec
3052|69140|di|pass
3054|17127|da|rec
3055|17127|da|pass
3056|20388|da|rec
3057|20388|da|pass
3061|38392|da|bpas
3064|49483|mf|brec
3064|69600|mf|lbal
3065|49483|mf|pass
3066|77831|mf|brec
3067|77831|mf|fsuf
3067|69600|mf|foul
3073|77831|mf|pass
3078|49483|mf|rec
3079|49483|mf|pass
3083|49478|da|bpas
3087|69140|mf|brec
3090|69140|mf|pass
3090|39816|mf|rec
3091|39816|mf|pass
3092|69140|mf|rec
3093|69140|mf|pass
3096|17127|di|rec
3097|17127|mf|pass
3099|39816|mf|rec
3100|39816|mf|pass
3107|45124|mf|foul
3107|55634|mf|fsuf
3110|69140|mf|pass
3111|15207|mf|rec
3112|15207|mf|pass
3115|44989|mf|rec
3116|44989|mf|pass
3121|41316|oi|bpas
3124|49478|da|gsav
3126|49478|da|pass
3130|33223|oi|bpas
3133|17127|di|pass
3134|20388|da|gsav
3138|20388|da|pass
3139|38392|di|rec
3140|38392|di|pass
3142|44989|mf|rec
3143|44989|mf|pass
3146|15207|mf|cond
3147|15207|mf|pass
3148|37605|oi|cond
3149|37605|oi|pass
3152|55634|oi|rec
3153|55634|oi|pass
3154|69600|oa|cond
3155|69600|oa|goal
3205|33223|mf|pass
3205|45124|mf|rec
3206|45124|mf|pass
3209|77831|mf|rec
3210|77831|mf|pass
3213|45124|mf|rec
3214|45124|mf|pass
3221|49485|mf|rec
3222|49485|mf|pass
3224|49483|mf|cond
3225|49483|mf|pass
3227|77831|mf|fsuf
3227|44989|mf|foul
3292|14791|mf|pass
3292|68791|mf|rec
3293|68791|mf|pass
3294|14791|mf|bpas
3296|55634|oi|int
3302|49478|da|gsav
3304|49478|da|pass
3307|68791|di|bpas
3310|33223|oi|lbal
3310|38392|di|brec
3311|38392|di|clea
3312|38392|mf|bout
3318|49483|mf|pass
3320|14791|mf|rec
3321|14791|mf|pass
3324|49485|mf|bpas
3328|17127|di|clea
3329|37605|mf|lbal
3330|49485|mf|brec
3331|49485|mf|pass
3333|66905|mf|bpas
3335|69140|di|bpas
3337|14791|oi|bpas
3339|33223|oi|lbal
3339|38392|di|brec
3343|104953|oi|bpas
3344|38392|da|clea
3346|14791|oi|pass
3346|69600|di|brec
3348|49483|oi|pass
3349|45124|oa|brec
3349|69140|da|lbal
3350|45124|oa|goal
3400|69600|mf|pass
3403|14791|mf|foul
3403|39816|mf|fsuf
3438|44989|oi|bpas
3440|68791|da|clea
3445|69140|mf|clea
3447|69140|mf|bout
3454|49483|mf|pass
3456|77831|mf|rec
3457|77831|mf|pass
3457|66905|di|rec
3458|66905|di|pass
3458|14791|di|rec
3459|14791|di|pass
3460|66905|mf|cond
3461|66905|mf|pass
3466|49485|mf|rec
3467|49485|mf|pass
3469|14791|mf|bpas
3470|33223|oi|lbal
3470|17127|di|brec
3471|17127|di|clea
3473|77831|mf|int
3473|15207|mf|lbal
3474|49483|mf|pass
3475|14791|mf|rec
3476|14791|mf|pass
3478|66905|mf|rec
3479|66905|mf|pass
3482|14791|mf|fsuf
3482|39816|mf|foul
3509|14791|mf|pass
3511|66905|oa|bpas
3512|69140|da|brec
3513|69600|da|clea
3514|49485|oi|wsho
3514|15207|di|gsav
3518|49483|oi|fsuf
3518|55634|di|foul
3562|14791|oi|wsho
3565|14791|oa|bout
3594|20388|da|pass
3594|39816|di|rec
3595|39816|di|pass
3596|17127|di|rec
3597|17127|di|pass
3598|20388|da|bpas
3601|68791|mf|brec
3601|55634|mf|lbal
3603|104953|mf|brec
3607|104953|mf|bpas
3610|55634|mf|int
3611|55634|mf|bout
3619|49483|mf|bpas
3624|38392|di|clea
3625|38392|mf|bout
3631|49483|oi|pass
3635|104953|oi|foul
3644|41316|di|pass
3646|15207|di|rec
3647|15207|di|pass
3648|37605|mf|cond
3649|37605|mf|pass
3655|69140|mf|cond
3656|69140|mf|pass
3660|45124|mf|int
3660|39816|mf|bpas
3661|45124|mf|bout
3664|69140|mf|bpas
3668|77831|mf|brec
3669|77831|mf|pass
3671|33223|mf|lbal
3671|38392|mf|brec
3672|38392|mf|brec
3676|38392|mf|bpas
3679|49483|di|int
3683|55634|oi|pass
3684|41316|oi|cond
3685|41316|oi|pass
3688|44989|oi|bpas
3689|45124|di|int
3690|45124|di|brec
3694|45124|mf|pass
3696|104953|di|lbal
3700|104953|di|bout
3708|39816|oi|pass
3710|41316|mf|rec
3711|41316|oi|pass
3711|69600|oi|rec
3712|69600|oi|pass
3715|15207|oa|rec
3716|15207|oi|pass
3718|37605|oi|cond
3719|37605|oi|pass
3722|69140|oa|bpas
3723|49478|da|gsav
3728|49478|da|pass
3734|49485|di|cond
3735|49485|di|pass
3737|66905|di|cond
3738|66905|di|pass
3740|68791|di|cond
3741|68791|di|pass
3743|49483|di|bpas
3745|41316|mf|pass
3746|39816|mf|brec
3747|39816|mf|pass
3747|44989|mf|rec
3748|44989|mf|pass
3749|15207|mf|cond
3750|15207|mf|pass
3751|44989|mf|cond
3752|44989|mf|pass
3755|39816|oi|rec
3756|39816|oi|pass
3760|69600|oa|rec
3761|69600|oa|pass
3761|37605|oa|rec
3762|37605|oa|pass
3765|14791|di|int
3765|44989|oi|bpas
3767|80146|di|brec
3768|80146|di|pass
3774|49485|mf|bpas
3777|33223|oi|foul
3777|38392|di|fsuf
3799|38392|di|pass
3800|17127|di|cond
3801|17127|di|pass
3805|39816|mf|bpas
3809|39816|oa|bout
3824|49478|da|bpas
3828|45124|mf|lbal
3828|69140|mf|brec
3829|69140|mf|bpas
3830|49485|mf|bpas
3831|66905|mf|int
3831|39816|mf|bpas
3832|66905|mf|pass
3840|33223|oa|lbal
3840|38392|da|brec
3842|38392|da|brec
3846|38392|da|bpas
3851|38392|mf|bout
3862|49483|mf|bpas
3865|38392|di|pass
3866|15207|mf|brec
3867|14791|mf|int
3867|15207|mf|lbal
3868|14791|oi|brec
3869|14791|oi|pass
3871|33223|oi|rec
3872|33223|oa|goal
3947|37605|mf|pass
3947|55634|mf|rec
3948|55634|mf|pass
3948|15207|mf|rec
3949|15207|mf|pass
3949|44989|mf|rec
3950|44989|mf|pass
3951|39816|mf|cond
3952|39816|mf|pass
3953|15207|mf|rec
3954|15207|mf|pass
3955|17127|mf|rec
3956|17127|mf|pass
3958|38392|di|rec
3959|38392|di|pass
3961|17127|mf|rec
3962|17127|mf|pass
3964|77831|mf|dled
3964|15207|mf|drib
3965|15207|mf|pass
3965|44989|mf|rec
3966|44989|mf|pass
3969|39816|oi|bpas
3971|49485|di|clea
3972|80146|mf|brec
3974|80146|mf|pass
3976|45124|mf|bpas
3980|38392|da|pass
3983|20388|da|cond
3984|20388|da|pass
3987|44989|mf|cond
3988|44989|mf|pass
3990|14791|mf|dled
3990|69600|mf|drib
3992|77831|mf|dled
3992|69600|mf|drib
3994|69600|oi|pass
4000|66905|di|lbal
4000|37605|oi|lbal
4002|17127|mf|pass
4004|69140|mf|rec
4005|69140|mf|pass
4009|37605|oi|cond
4010|37605|oi|pass
4011|69140|mf|rec
4012|69140|mf|pass
4014|15207|oi|rec
4015|15207|oi|pass
4015|39816|oi|rec
4016|39816|oi|pass
4017|37605|oi|rec
4018|37605|oi|pass
4019|39816|oa|rec
4020|39816|oa|pass
4021|37605|oi|rec
4022|37605|oi|pass
4025|44989|oi|cond
4026|44989|oi|pass
4027|38392|mf|rec
4028|38392|mf|pass
4031|17127|mf|cond
4032|17127|mf|pass
4035|37605|oi|rec
4036|37605|oi|pass
4036|69600|oi|rec
4037|69600|oi|pass
4038|39816|oi|rec
4039|39816|oi|pass
4041|69140|mf|rec
4042|69140|mf|pass
4044|17127|mf|rec
4045|17127|mf|pass
4049|39816|mf|cond
4050|39816|oi|pass
4051|38392|mf|rec
4052|38392|mf|pass
4054|17127|mf|cond
4055|17127|mf|pass
4057|37605|oi|rec
4058|37605|oi|pass
4059|15207|oa|cond
4060|15207|oa|pass
4063|66905|da|brec
4063|69600|oa|lbal
4064|66905|da|bout
4068|69140|oi|pass
4068|37605|oi|rec
4069|37605|oi|pass
4071|15207|oa|bpas
4072|45124|da|int
4073|45124|da|brec
4074|45124|da|pass
4078|80146|mf|drib
4078|17127|mf|dled
4082|80146|oa|drib
4082|38392|da|dled
4084|80146|oa|wsho
4084|20388|da|gsav
4090|20388|da|gsav
4091|20388|da|pass
4091|15207|mf|cond
4092|15207|di|pass
4098|69600|mf|rec
4099|69600|oi|pass
4100|44989|mf|cond
4101|44989|mf|pass
4102|39816|mf|rec
4103|39816|mf|pass
4104|44989|mf|cond
4105|44989|mf|pass
4110|37605|mf|cond
4111|37605|oi|pass
4114|69600|oi|rec
4115|69600|oi|pass
4118|69140|oi|cond
4119|69140|oi|pass
4121|17127|mf|cond
4122|17127|mf|pass
4124|44989|mf|rec
4125|44989|mf|pass
4125|17127|mf|rec
4126|17127|mf|pass
4128|69140|mf|cond
4129|69140|mf|pass
4129|17127|mf|rec
4130|17127|mf|pass
4131|44989|mf|rec
4132|44989|mf|pass
4137|14791|di|brec
4137|37605|oi|lbal
4138|68791|di|brec
4138|49483|di|rec
4139|49483|di|pass
4139|104953|di|rec
4140|104953|di|pass
4142|49483|mf|rec
4143|49483|mf|pass
4144|33223|mf|rec
4145|33223|mf|pass
4146|104953|mf|rec
4147|104953|mf|pass
4148|14791|mf|rec
4149|14791|mf|pass
4154|45124|mf|rec
4155|45124|oi|pass
4156|49485|oa|rec
4157|49485|oa|pass
4159|45124|oa|brec
4160|41316|da|clea
4161|41316|da|bout
4195|104953|oa|bpas
4199|17127|da|clea
4200|14791|oi|wsho
4201|14791|oa|bout
4268|20388|da|pass
4268|38392|da|rec
4269|38392|da|pass
4270|20388|da|rec
4271|20388|da|pass
4272|15207|da|rec
4273|15207|di|pass
4273|44989|di|cond
4274|44989|di|pass
4276|15207|da|rec
4277|15207|da|pass
4280|17127|di|rec
4281|17127|da|pass
4285|15207|da|cond
4286|15207|di|pass
4287|38392|di|cond
4288|38392|di|pass
4288|15208|mf|rec
4289|15208|mf|pass
4291|41316|mf|rec
4292|41316|mf|pass
4292|37605|oi|rec
4293|37605|oi|pass
4293|15208|oi|rec
4294|15208|oi|pass
4297|37605|oi|cond
4298|37605|oi|pass
4299|15208|oi|rec
4300|15208|oi|pass
4301|37605|oi|cond
4302|37605|oi|pass
4306|15208|oa|cond
4307|15208|oi|pass
4309|69140|oi|rec
4310|69140|oi|pass
4312|15207|mf|rec
4313|15207|oi|pass
4313|44989|mf|rec
4314|44989|oi|pass
4316|15208|oi|cond
4317|15208|oi|pass
4319|37605|oa|cond
4320|37605|oa|pass
4321|15208|oa|bpas
4322|68791|da|clea
4323|68791|da|bout
4345|44989|oa|pass
4346|14791|da|lbal
4346|41316|oa|brec
4347|41316|oa|wsho
4347|5155|oa|brec
4348|5155|oa|goal
4396|33223|mf|pass
4396|80146|mf|cond
4397|80146|mf|pass
4405|14791|mf|bpas
4412|77831|oi|foul
4412|44989|di|fsuf
4457|38392|di|pass
4458|44989|mf|rec
4459|44989|mf|pass
4460|15208|mf|rec
4461|15208|mf|pass
4462|15207|mf|cond
4463|15207|mf|pass
4463|44989|mf|rec
4464|44989|mf|pass
4464|15207|mf|cond
4465|15207|mf|pass
4467|44989|mf|rec
4468|44989|mf|pass
4468|15208|mf|cond
4469|15208|mf|pass
4472|41316|oi|rec
4473|41316|oa|pass
4474|14791|da|dled
4474|37605|oa|drib
4475|55179|da|clea
4475|37605|oa|bpas
4476|55179|da|bout
4497|44989|oa|pass
4497|15208|oa|rec
4498|15208|oa|wsho
4499|15208|oa|bout
4522|49478|da|bpas
4529|17127|di|brec
4530|17127|di|pass
4532|69140|mf|cond
4533|69140|mf|pass
4538|15208|mf|cond
4539|15208|mf|pass
4540|15207|mf|cond
4541|15207|mf|pass
4544|15208|mf|rec
4545|15208|mf|pass
4546|69140|mf|rec
4547|69140|mf|pass
4547|15208|mf|rec
4548|15208|mf|pass
4550|17127|mf|rec
4551|17127|mf|pass
4553|44989|mf|rec
4554|44989|mf|pass
4555|15207|oi|rec
4556|15207|oi|pass
4560|55634|oi|rec
4561|55634|oi|pass
4564|15207|oi|bpas
4567|49478|da|gsav
4582|49478|di|pass
4587|33223|oi|brec
4587|38392|di|lbal
4589|20388|da|gsav
4592|20388|da|pass
4594|17127|di|cond
4595|17127|di|pass
4597|15208|mf|rec
4598|15208|mf|pass
4599|69140|mf|cond
4600|69140|mf|pass
4603|15207|mf|cond
4604|15207|mf|pass
4607|44989|mf|bpas
4610|66905|di|clea
4614|5155|oa|bpas
4616|49478|da|gsav
4622|80146|di|foul
4622|15207|oi|fsuf
4704|15208|oi|wsho
4707|15208|oa|bout
4715|49478|da|bpas
4722|38392|mf|brec
4723|5155|mf|bout
4754|49483|mf|pass
4757|60800|mf|rec
4758|60800|mf|pass
4758|66905|mf|rec
4759|66905|mf|pass
4761|55179|mf|drib
4761|44989|mf|dled
4763|55179|oi|wsho
4763|17127|di|gsav
4767|17127|di|bout
4795|55179|oa|pass
4797|80146|oa|rec
4798|80146|oa|wsho
4799|38392|da|clea
4801|60800|oi|wsho
4804|60800|oa|bout
4825|20388|da|pass
4829|55179|mf|lbal
4829|69140|mf|brec
4830|69140|mf|pass
4830|5155|mf|rec
4831|5155|mf|pass
4834|55179|mf|foul
4834|15208|mf|fsuf
4843|15208|mf|pass
4848|15207|mf|rec
4849|15207|mf|pass
4851|15208|mf|bpas
4853|49478|da|pass
4854|49478|da|gsav
4860|49478|da|bpas
4865|80146|mf|lbal
4865|41316|mf|brec
4867|66905|di|pass
4869|60800|mf|cond
4870|60800|mf|pass
4871|49485|mf|cond
4872|49485|mf|pass
4872|55179|mf|rec
4873|55179|mf|pass
4875|60800|mf|cond
4876|60800|mf|pass
4878|66905|mf|rec
4879|66905|mf|pass
4881|49483|mf|cond
4882|49483|mf|pass
4888|80146|oi|rec
4889|80146|mf|pass
4890|49483|oi|cond
4891|49483|oi|pass
4897|80146|oa|lbal
4897|15208|da|brec
4899|15208|da|brec
4900|38392|da|bpas
4904|38392|mf|bout
4918|49483|mf|bpas
4924|17127|da|clea
4928|14791|mf|brec
4929|14791|mf|pass
4930|66905|mf|rec
4931|66905|mf|pass
4935|49485|mf|rec
4936|49485|mf|pass
4938|55179|mf|rec
4939|55179|mf|pass
4940|60800|mf|rec
4941|60800|mf|pass
4944|49485|mf|fsuf
4944|55634|mf|foul
4953|49485|mf|bpas
4956|49485|oa|bout
4969|20388|da|pass
4971|15207|di|cond
4972|15207|di|pass
4972|44989|mf|rec
4973|44989|mf|pass
4974|41316|mf|rec
4975|41316|mf|pass
4979|14791|mf|foul
4979|15208|mf|fsuf
4995|38392|mf|pass
4996|44989|mf|rec
4997|44989|mf|pass
4998|37605|oi|cond
4999|37605|oi|pass
5001|15207|oa|bpas
5002|68791|da|int
5004|49478|da|gsav
5015|49478|da|bpas
5020|17127|di|pass
5023|41316|di|brec
5024|41316|di|pass
5025|20388|da|rec
5026|20388|da|pass
5027|38392|da|rec
5028|38392|da|pass
5031|44989|mf|cond
5032|44989|mf|pass
5032|41316|di|rec
5033|41316|di|pass
5033|44989|mf|cond
5034|44989|mf|pass
5037|15208|mf|cond
5038|15208|mf|pass
5041|15207|mf|bpas
5042|49483|di|int
5043|49483|di|pass
5045|55179|mf|rec
5046|55179|mf|pass
5047|14791|mf|cond
5048|14791|mf|pass
5054|45124|oa|bpas
5056|41316|da|clea
5057|20388|da|gsav
5059|20388|da|pass
5060|44989|mf|rec
5061|44989|mf|pass
5064|15207|di|cond
5065|15207|di|pass
5068|69140|mf|cond
5069|69140|mf|pass
5070|55634|mf|rec
5071|55634|mf|pass
5073|69140|mf|rec
5074|69140|mf|pass
5075|17127|mf|rec
5076|17127|di|pass
5076|15207|mf|rec
5077|15207|mf|pass
5081|17127|mf|cond
5082|17127|mf|pass
5086|15207|mf|cond
5087|15207|mf|pass
5090|44989|mf|rec
5091|44989|mf|pass
5093|17127|mf|cond
5094|17127|mf|pass
5098|69140|oi|rec
5099|69140|oi|pass
5101|55634|oi|rec
5102|55634|oi|pass
5104|15207|oi|rec
5105|15207|oi|pass
5107|41316|oi|rec
5108|41316|oi|pass
5112|44989|oi|bpas
5113|49483|da|int
5114|49483|di|pass
5115|55179|di|rec
5116|55179|di|pass
5117|49483|di|bpas
5117|15207|oi|int
5119|14791|di|pass
5124|33223|oa|drib
5126|33223|oa|bpas
5126|17127|da|fsuf
5143|20388|da|pass
5145|15207|mf|cond
5146|15207|di|pass
5147|44989|oi|bpas
5150|49485|da|int
5151|55634|oa|wsho
5151|49485|da|gsav
5152|49485|da|bout
5184|44989|oa|bpas
5186|14791|da|clea
5188|55179|da|clea
5191|45124|mf|fsuf
5191|69140|mf|foul
5193|45124|mf|pass
5194|60800|mf|rec
5195|60800|mf|pass
5196|55179|mf|cond
5197|55179|mf|pass
5200|60800|oi|lbal
5200|15207|di|brec
5203|41316|di|brec
5205|69140|da|rec
5206|69140|da|pass
5206|38392|da|rec
5207|38392|da|pass
5208|15208|di|rec
5209|15208|di|pass
5212|37605|mf|rec
5213|37605|mf|pass
5217|55179|mf|foul
5217|44989|mf|fsuf
5226|44989|mf|pass
5228|15208|mf|rec
5229|15208|mf|pass
5233|38392|mf|cond
5234|38392|mf|pass
5237|69140|mf|cond
5238|69140|mf|pass
5242|15208|mf|rec
5243|15208|mf|pass
5248|15207|oi|rec
5249|15207|oi|pass
5249|69140|mf|rec
5250|69140|mf|pass
5253|17127|mf|cond
5254|17127|mf|pass
5256|44989|mf|rec
5257|44989|mf|pass
5258|37605|mf|cond
5259|37605|oi|pass
5262|15208|oi|rec
5263|15208|oi|pass
5264|37605|oa|bpas
5265|66905|da|clea
5270|66905|da|bout
5286|44989|oa|bpas
5288|33223|da|clea
5290|69140|oi|bpas
5292|45124|di|brec
5294|45124|di|pass
5297|49485|di|fsuf
5297|5155|oi|foul
5328|49485|di|pass
5331|66905|mf|rec
5332|66905|mf|pass
5332|49485|di|rec
5333|49485|di|pass
5335|55179|mf|bpas
5337|41316|di|bpas
5340|80146|oi|brec
5342|80146|oi|wsho
5342|20388|da|gsav
5346|20388|da|gsav
5353|20388|da|bpas
5356|49483|mf|int
5357|45124|mf|brec
5358|45124|mf|pass
5359|80146|oi|rec
5360|80146|oi|pass
5362|49483|oa|bpas
5363|41316|da|clea
5364|41316|da|brec
5368|44989|mf|rec
5369|44989|mf|pass
5371|68791|mf|lbal
5371|37605|mf|lbal
5374|49483|mf|brec
5374|44989|mf|lbal
5375|49483|mf|bout
5384|41316|mf|pass
5386|15208|mf|cond
5387|15208|mf|pass
5388|15207|mf|rec
5389|15207|mf|pass
5393|14791|mf|dled
5393|37605|mf|drib
5400|60800|di|brec
5400|37605|oi|lbal
5402|60800|di|brec
5403|60800|di|pass
5404|14791|di|cond
5405|14791|di|pass
5408|55179|mf|bpas
5409|41316|di|pass
5411|15207|mf|brec
5412|15208|mf|bpas
5413|55179|mf|brec
5417|55179|mf|pass
5420|45124|mf|drib
5420|41316|mf|dled
5421|45124|mf|pass
5422|33223|oi|cond
5423|33223|oi|pass
5428|49483|oa|cond
5429|49483|oa|pass
5430|33223|oa|cond
5431|33223|oa|wsho
5434|33223|oa|bout
5453|20388|da|pass
5454|69140|di|cond
5455|69140|di|pass
5455|17127|di|rec
5456|17127|di|pass
5456|15208|di|cond
5457|15208|di|pass
5460|44989|mf|cond
5461|44989|mf|pass
5462|37605|mf|rec
5463|37605|mf|pass
5466|15207|oi|rec
5467|15207|oi|pass
5468|5155|oa|cond
5469|5155|oa|wsho
5470|5155|oa|bout
5485|49478|da|pass
5488|33223|mf|brec
5488|38392|mf|lbal
5489|33223|mf|bpas
5491|45124|mf|brec
5491|41316|mf|lbal
5492|45124|mf|bpas
5493|17127|di|pass
5494|41316|mf|lbal
5497|33223|oi|bpas
5499|20388|da|gsav
5505|20388|di|bpas
5509|66905|di|clea
5512|66905|di|bpas
5514|15208|mf|brec
5515|15208|mf|pass
5515|15207|mf|rec
5516|15207|mf|pass
5519|44989|mf|rec
5520|44989|oi|pass
5526|55634|oi|bpas
5529|49485|da|pass
5530|14791|da|lbal
5530|5155|oa|brec
5532|5155|oa|pass
5536|69140|oa|bpas
5537|66905|da|clea
5538|66905|da|bout
5575|44989|oa|bpas
5577|49478|da|gsav
5579|45124|di|brec
5580|45124|di|pass
5586|60800|oi|bpas
5586|15207|da|fsuf
5600|17127|da|pass
5602|44989|mf|rec
5603|44989|mf|pass
5603|55634|mf|rec
5604|55634|mf|pass
5608|37605|mf|bpas
5609|66905|di|clea
5610|37605|oi|bpas
5612|68791|di|int
5613|68791|di|brec
5614|68791|di|bpas
5615|37605|oi|int
5616|37605|mf|bout
5630|49483|mf|pass
5633|45124|mf|lbal
5633|44989|mf|brec
5635|44989|mf|brec
5636|44989|mf|pass
5638|37605|mf|cond
5639|37605|mf|pass
5643|14791|mf|foul
5643|15208|mf|fsuf
5647|15208|mf|pass
5653|37605|oa|bpas
5654|49483|da|int
5655|41316|oa|bpas
5658|60800|da|clea
5659|80146|mf|brec
5660|80146|di|pass
5668|45124|di|cond
5669|45124|mf|pass
5676|55179|mf|bpas
5678|38392|da|pass
5680|17127|di|brec
5681|17127|di|pass
5685|44989|mf|rec
5686|44989|mf|pass
5691|37605|mf|rec
5692|37605|oi|pass
5695|14791|di|foul
5695|44989|oi|fsuf
5761|44989|oi|bpas
5762|68791|da|clea
